SUBURB,PRIVATE TRAVEL TIME,PUBLIC TRAVEL TIME
ABBOTSBURY,47 mins,1 hour 36 mins
ABBOTSFORD,19 mins,29 mins
ACACIA GARDENS,35 mins,1 hour 43 mins
AGNES BANKS,55 mins,1 hour 47 mins
AIRDS,53 mins,1 hour 49 mins
ALEXANDRIA,14 mins,20 mins
ALFORDS POINT,34 mins,1 hour 6 mins
ALLAMBIE HEIGHTS,28 mins,48 mins
ALLAWAH,27 mins,1 hour 7 mins
AMBARVALE,52 mins,1 hour 46 mins
ANNANDALE,10 mins,20 mins
ANNANGROVE,42 mins,1 hour 28 mins
ARCADIA,44 mins,1 hour 18 mins
ARNCLIFFE,20 mins,48 mins
ARNDELL PARK,40 mins,1 hour 36 mins
ARTARMON,12 mins,22 mins
ASHBURY,21 mins,46 mins
ASHCROFT,42 mins,1 hour 53 mins
ASHFIELD,19 mins,30 mins
ASQUITH,36 mins,59 mins
AUBURN,30 mins,40 mins
AUSTINMER,1 hour 14 mins,2 hours 20 mins
AUSTRAL,46 mins,2 hours 15 mins
AVALON,51 mins,1 hour 5 mins
BADGERYS CREEK,53 mins,2 hours 26 mins
BALGOWLAH,22 mins,29 mins
BALGOWLAH HEIGHTS,25 mins,47 mins
BALMAIN,10 mins,18 mins
BALMAIN EAST,13 mins,21 mins
BANGOR,39 mins,1 hour 16 mins
BANKSIA,22 mins,54 mins
BANKSMEADOW,18 mins,34 mins
BANKSTOWN,31 mins,54 mins
BANKSTOWN AERODROME,36 mins,1 hour 14 mins
BARANGAROO,5 mins,16 mins
BARDEN RIDGE,38 mins,1 hour 49 mins
BARDWELL PARK,26 mins,35 mins
BARDWELL VALLEY,23 mins,39 mins
BASS HILL,41 mins,1 hour 33 mins
BAULKHAM HILLS,26 mins,33 mins
BAYVIEW,45 mins,1 hour 37 mins
BEACON HILL,30 mins,56 mins
BEACONSFIELD,13 mins,22 mins
BEAUMONT HILLS,37 mins,1 hour 6 mins
BEECROFT,23 mins,46 mins
BELFIELD,25 mins,1 hour 7 mins
BELLA VISTA,33 mins,1 hour 3 mins
BELLEVUE HILL,14 mins,33 mins
BELMORE,29 mins,44 mins
BELROSE,29 mins,1 hour 17 mins
BERALA,35 mins,51 mins
BERKSHIRE PARK,44 mins,1 hour 45 mins
BEROWRA,38 mins,1 hour 11 mins
BEROWRA CREEK,46 mins,1 hour 33 mins
BEROWRA HEIGHTS,42 mins,1 hour 34 mins
BERRILEE,50 mins,1 hour 29 mins
BEVERLEY PARK,25 mins,1 hour 14 mins
BEVERLY HILLS,27 mins,45 mins
BEXLEY,24 mins,51 mins
BEXLEY NORTH,25 mins,38 mins
BIDWILL,42 mins,1 hour 38 mins
BILGOLA,50 mins,1 hour 37 mins
BIRCHGROVE,11 mins,24 mins
BIRRONG,37 mins,1 hour 2 mins
BLACKETT,42 mins,1 hour 41 mins
BLACKTOWN,39 mins,1 hour 4 mins
BLAIR ATHOL,48 mins,1 hour 29 mins
BLAIRMOUNT,46 mins,1 hour 42 mins
BLAKEHURST,28 mins,53 mins
BLIGH PARK,48 mins,1 hour 49 mins
BONDI,21 mins,32 mins
BONDI BEACH,21 mins,32 mins
BONDI JUNCTION,14 mins,16 mins
BONNET BAY,44 mins,1 hour 35 mins
BONNYRIGG,45 mins,1 hour 45 mins
BONNYRIGG HEIGHTS,44 mins,1 hour 44 mins
BOSSLEY PARK,48 mins,1 hour 31 mins
BOTANY,17 mins,29 mins
BOW BOWING,44 mins,1 hour 32 mins
BOX HILL,42 mins,1 hour 23 mins
BRADBURY,52 mins,2 hours 40 mins
BREAKFAST POINT,26 mins,50 mins
BRIGHTON-LE-SANDS,19 mins,1 hour 0 mins
BRINGELLY,51 mins,1 hour 53 mins
BRONTE,19 mins,34 mins
BROOKLYN,50 mins,1 hour 26 mins
BROOKVALE,30 mins,40 mins
BUNDEENA,1 hour 6 mins,1 hour 44 mins
BURRANEER,39 mins,1 hour 14 mins
BURWOOD,23 mins,33 mins
BURWOOD HEIGHTS,23 mins,48 mins
BUSBY,42 mins,1 hour 42 mins
CABARITA,25 mins,54 mins
CABRAMATTA,47 mins,1 hour 4 mins
CABRAMATTA WEST,43 mins,1 hour 23 mins
CAMBRIDGE GARDENS,56 mins,1 hour 57 mins
CAMBRIDGE PARK,56 mins,1 hour 45 mins
CAMMERAY,8 mins,39 mins
CAMPBELLTOWN,50 mins,1 hour 23 mins
CAMPERDOWN,11 mins,21 mins
CAMPSIE,26 mins,43 mins
CANADA BAY,18 mins,44 mins
CANLEY HEIGHTS,46 mins,1 hour 26 mins
CANLEY VALE,46 mins,59 mins
CANOELANDS,1 hour 1 min,2 hours 38 mins
CANTERBURY,21 mins,40 mins
CARINGBAH,35 mins,59 mins
CARINGBAH SOUTH,38 mins,1 hour 15 mins
CARLINGFORD,27 mins,1 hour 2 mins
CARLTON,27 mins,1 hour 5 mins
CARRAMAR,43 mins,1 hour 15 mins
CARSS PARK,27 mins,1 hour 35 mins
CARTWRIGHT,40 mins,1 hour 40 mins
CASTLE COVE,18 mins,48 mins
CASTLE HILL,33 mins,45 mins
CASTLECRAG,13 mins,32 mins
CASTLEREAGH,1 hour 0 mins,1 hour 55 mins
CASULA,36 mins,1 hour 35 mins
CATHERINE FIELD,51 mins,1 hour 36 mins
CATTAI,55 mins,2 hours 16 mins
CECIL HILLS,45 mins,1 hour 42 mins
CECIL PARK,43 mins,2 hours 2 mins
CENTENNIAL PARK,12 mins,26 mins
CHATSWOOD,18 mins,27 mins
CHATSWOOD WEST,18 mins,50 mins
CHELTENHAM,20 mins,47 mins
CHERRYBROOK,28 mins,46 mins
CHESTER HILL,40 mins,1 hour 10 mins
CHIFLEY,21 mins,36 mins
CHIPPENDALE,9 mins,13 mins
CHIPPING NORTON,38 mins,1 hour 39 mins
CHISWICK,17 mins,27 mins
CHURCH POINT,47 mins,1 hour 51 mins
CLAREMONT MEADOWS,52 mins,1 hour 54 mins
CLARENDON,52 mins,2 hours 0 mins
CLAYMORE,46 mins,2 hours 41 mins
CLEMTON PARK,26 mins,46 mins
CLONTARF,22 mins,39 mins
CLOVELLY,20 mins,46 mins
CLYDE,34 mins,55 mins
COALCLIFF,1 hour 7 mins,2 hours 29 mins
COBBITTY,58 mins,2 hours 12 mins
COLEBEE,35 mins,1 hour 43 mins
COLEDALE,1 hour 15 mins,2 hours 10 mins
COLLAROY,37 mins,47 mins
COLYTON,46 mins,1 hour 52 mins
COMO,41 mins,1 hour 3 mins
CONCORD,23 mins,55 mins
CONCORD WEST,26 mins,41 mins
CONDELL PARK,32 mins,1 hour 17 mins
CONNELLS POINT,32 mins,1 hour 11 mins
CONSTITUTION HILL,34 mins,1 hour 27 mins
COOGEE,19 mins,33 mins
COTTAGE POINT,51 mins,n/a
COWAN,43 mins,1 hour 19 mins
CRANEBROOK,55 mins,1 hour 53 mins
CREMORNE,12 mins,21 mins
CREMORNE POINT,14 mins,42 mins
CROMER,33 mins,53 mins
CRONULLA,39 mins,1 hour 5 mins
CROWS NEST,10 mins,18 mins
CROYDON,20 mins,32 mins
CROYDON PARK,21 mins,52 mins
CURL CURL,31 mins,57 mins
CURRANS HILL,48 mins,1 hour 41 mins
DACEYVILLE,17 mins,26 mins
DANGAR ISLAND,52 mins,1 hour 44 mins
DARKES FOREST,1 hour 5 mins,n/a
DARLING POINT,11 mins,23 mins
DARLINGHURST,11 mins,13 mins
DARLINGTON,12 mins,18 mins
DAVIDSON,29 mins,1 hour 10 mins
DAWES POINT,7 mins,18 mins
DEAN PARK,37 mins,1 hour 26 mins
DEE WHY,32 mins,42 mins
DENHAM COURT,43 mins,2 hours 1 min
DENISTONE,27 mins,49 mins
DENISTONE EAST,24 mins,54 mins
DENISTONE WEST,28 mins,50 mins
DHARRUK,42 mins,1 hour 41 mins
DOLANS BAY,42 mins,1 hour 20 mins
DOLLS POINT,25 mins,1 hour 15 mins
DOONSIDE,40 mins,1 hour 9 mins
DOUBLE BAY,10 mins,16 mins
DOVER HEIGHTS,20 mins,41 mins
DRUMMOYNE,12 mins,20 mins
DUFFYS FOREST,39 mins,1 hour 5 mins
DULWICH HILL,19 mins,33 mins
DUNDAS,34 mins,1 hour 3 mins
DUNDAS VALLEY,28 mins,1 hour 16 mins
DURAL,35 mins,1 hour 8 mins
EAGLE VALE,44 mins,1 hour 32 mins
EARLWOOD,27 mins,38 mins
EAST HILLS,32 mins,53 mins
EAST KILLARA,23 mins,57 mins
EAST LINDFIELD,22 mins,43 mins
EAST RYDE,20 mins,37 mins
EASTERN CREEK,42 mins,2 hours 15 mins
EASTGARDENS,16 mins,32 mins
EASTLAKES,15 mins,35 mins
EASTWOOD,27 mins,54 mins
EDENSOR PARK,46 mins,2 hours 5 mins
EDGECLIFF,10 mins,13 mins
EDMONDSON PARK,39 mins,1 hour 57 mins
ELANORA HEIGHTS,39 mins,1 hour 26 mins
ELDERSLIE,56 mins,1 hour 49 mins
ELIZABETH BAY,10 mins,20 mins
ELIZABETH HILLS,46 mins,2 hours 13 mins
EMERTON,43 mins,1 hour 39 mins
ENFIELD,25 mins,1 hour 0 mins
ENGADINE,47 mins,1 hour 18 mins
ENGLORIE PARK,52 mins,1 hour 42 mins
ENMORE,15 mins,23 mins
EPPING,23 mins,43 mins
ERMINGTON,31 mins,49 mins
ERSKINE PARK,45 mins,1 hour 39 mins
ERSKINEVILLE,15 mins,28 mins
ESCHOL PARK,43 mins,1 hour 28 mins
EVELEIGH,14 mins,23 mins
FAIRFIELD,44 mins,1 hour 0 mins
FAIRFIELD EAST,43 mins,1 hour 1 min
FAIRFIELD HEIGHTS,44 mins,1 hour 30 mins
FAIRFIELD WEST,45 mins,1 hour 18 mins
FAIRLIGHT,24 mins,41 mins
FIDDLETOWN,49 mins,n/a
FIVE DOCK,16 mins,31 mins
FOREST LODGE,8 mins,15 mins
FORESTVILLE,22 mins,53 mins
FRENCHS FOREST,25 mins,56 mins
FRESHWATER,28 mins,55 mins
GALSTON,39 mins,1 hour 9 mins
GEORGES HALL,37 mins,1 hour 15 mins
GILEAD,55 mins,2 hours 8 mins
GIRRAWEEN,37 mins,1 hour 9 mins
GLADESVILLE,16 mins,24 mins
GLEBE,8 mins,19 mins
GLEN ALPINE,52 mins,2 hours 38 mins
GLENDENNING,37 mins,1 hour 42 mins
GLENFIELD,40 mins,1 hour 2 mins
GLENHAVEN,34 mins,1 hour 16 mins
GLENMORE PARK,53 mins,1 hour 38 mins
GLENORIE,44 mins,1 hour 18 mins
GLENWOOD,34 mins,2 hours 14 mins
GORDON,23 mins,38 mins
GRANVILLE,33 mins,45 mins
GRAYS POINT,45 mins,1 hour 1 min
GREAT MACKEREL BEACH,59 mins,2 hours 9 mins
GREEN VALLEY,43 mins,1 hour 41 mins
GREENACRE,30 mins,58 mins
GREENDALE,1 hour 3 mins,n/a
GREENFIELD PARK,48 mins,1 hour 40 mins
GREENWICH,15 mins,30 mins
GREGORY HILLS,53 mins,1 hour 46 mins
GREYSTANES,37 mins,1 hour 41 mins
GUILDFORD,39 mins,54 mins
GUILDFORD WEST,37 mins,1 hour 6 mins
GYMEA,39 mins,1 hour 5 mins
GYMEA BAY,43 mins,1 hour 32 mins
HABERFIELD,15 mins,28 mins
HAMMONDVILLE,36 mins,1 hour 21 mins
HARRINGTON PARK,53 mins,1 hour 59 mins
HARRIS PARK,32 mins,47 mins
HASSALL GROVE,38 mins,1 hour 36 mins
HAYMARKET,8 mins,12 mins
HEATHCOTE,49 mins,1 hour 30 mins
HEBERSHAM,41 mins,1 hour 39 mins
HECKENBERG,44 mins,1 hour 46 mins
HELENSBURGH,1 hour 1 min,1 hour 40 mins
HENLEY,16 mins,28 mins
HILLSDALE,18 mins,34 mins
HINCHINBROOK,43 mins,1 hour 45 mins
HOBARTVILLE,54 mins,2 hours 20 mins
HOLROYD,33 mins,1 hour 0 mins
HOLSWORTHY,36 mins,1 hour 7 mins
HOMEBUSH,26 mins,40 mins
HOMEBUSH WEST,30 mins,34 mins
HORNINGSEA PARK,42 mins,1 hour 27 mins
HORNSBY,36 mins,53 mins
HORNSBY HEIGHTS,40 mins,1 hour 1 min
HORSLEY PARK,43 mins,1 hour 33 mins
HOXTON PARK,43 mins,1 hour 51 mins
HUNTERS HILL,17 mins,22 mins
HUNTLEYS COVE,15 mins,23 mins
HUNTLEYS POINT,15 mins,24 mins
HURLSTONE PARK,19 mins,43 mins
HURSTVILLE,31 mins,57 mins
HURSTVILLE GROVE,32 mins,1 hour 9 mins
ILLAWONG,36 mins,1 hour 10 mins
INGLEBURN,45 mins,1 hour 8 mins
INGLESIDE,38 mins,1 hour 21 mins
JAMISONTOWN,52 mins,1 hour 53 mins
JANNALI,41 mins,1 hour 7 mins
KANGAROO POINT,34 mins,1 hour 23 mins
KAREELA,40 mins,1 hour 37 mins
KEARNS,45 mins,1 hour 32 mins
KELLYVILLE,37 mins,1 hour 4 mins
KELLYVILLE RIDGE,37 mins,1 hour 56 mins
KEMPS CREEK,51 mins,2 hours 35 mins
KENSINGTON,12 mins,20 mins
KENTHURST,40 mins,1 hour 14 mins
KENTLYN,51 mins,1 hour 48 mins
KILLARA,23 mins,32 mins
KILLARNEY HEIGHTS,24 mins,1 hour 13 mins
KINGS LANGLEY,33 mins,1 hour 52 mins
KINGS PARK,33 mins,1 hour 43 mins
KINGSFORD,15 mins,21 mins
KINGSGROVE,23 mins,38 mins
KINGSWOOD,53 mins,1 hour 30 mins
KIRKHAM,55 mins,2 hours 9 mins
KIRRAWEE,39 mins,1 hour 8 mins
KIRRIBILLI,9 mins,14 mins
KOGARAH,25 mins,52 mins
KOGARAH BAY,26 mins,1 hour 24 mins
KU-RING-GAI CHASE,38 mins,1 hour 27 mins
KURNELL,44 mins,1 hour 26 mins
KYEEMAGH,17 mins,1 hour 22 mins
KYLE BAY,31 mins,1 hour 5 mins
LA PEROUSE,25 mins,40 mins
LAKEMBA,31 mins,46 mins
LALOR PARK,34 mins,1 hour 26 mins
LANE COVE,13 mins,19 mins
LANE COVE NORTH,15 mins,23 mins
LANE COVE WEST,15 mins,30 mins
LANSDOWNE,38 mins,1 hour 36 mins
LANSVALE,43 mins,1 hour 28 mins
LAVENDER BAY,10 mins,18 mins
LEETS VALE,1 hour 39 mins,3 hours 19 mins
LEICHHARDT,11 mins,23 mins
LEPPINGTON,44 mins,2 hours 10 mins
LETHBRIDGE PARK,45 mins,n/a
LEUMEAH,47 mins,1 hour 15 mins
LEWISHAM,18 mins,32 mins
LIBERTY GROVE,25 mins,50 mins
LIDCOMBE,32 mins,38 mins
LILLI PILLI,40 mins,1 hour 19 mins
LILYFIELD,10 mins,27 mins
LILYVALE,1 hour 5 mins,n/a
LINDFIELD,21 mins,30 mins
LINLEY POINT,15 mins,40 mins
LITTLE BAY,24 mins,40 mins
LIVERPOOL,39 mins,1 hour 23 mins
LLANDILO,50 mins,1 hour 38 mins
LOFTUS,44 mins,1 hour 11 mins
LONDONDERRY,53 mins,1 hour 46 mins
LONG POINT,47 mins,1 hour 37 mins
LONGUEVILLE,16 mins,36 mins
LOWER PORTLAND,1 hour 19 mins,4 hours 0 mins
LUCAS HEIGHTS,48 mins,n/a
LUDDENHAM,56 mins,1 hour 47 mins
LUGARNO,37 mins,1 hour 1 min
LURNEA,37 mins,1 hour 36 mins
MACQUARIE FIELDS,43 mins,1 hour 28 mins
MACQUARIE LINKS,42 mins,1 hour 32 mins
MACQUARIE PARK,19 mins,36 mins
MADDENS PLAINS,1 hour 3 mins,n/a
MAIANBAR,1 hour 3 mins,1 hour 59 mins
MALABAR,21 mins,32 mins
MANLY,27 mins,38 mins
MANLY VALE,24 mins,34 mins
MARAYLYA,51 mins,1 hour 51 mins
MARAYONG,36 mins,1 hour 23 mins
MAROOTA,1 hour 0 mins,2 hours 26 mins
MAROUBRA,18 mins,30 mins
MARRICKVILLE,21 mins,30 mins
MARSDEN PARK,40 mins,1 hour 22 mins
MARSFIELD,21 mins,39 mins
MASCOT,15 mins,25 mins
MATRAVILLE,19 mins,33 mins
MAYS HILL,31 mins,57 mins
MCGRATHS HILL,50 mins,2 hours 19 mins
MCMAHONS POINT,11 mins,20 mins
MEADOWBANK,25 mins,45 mins
MELROSE PARK,29 mins,1 hour 0 mins
MENAI,37 mins,1 hour 19 mins
MENANGLE PARK,58 mins,1 hour 41 mins
MERRYLANDS,35 mins,51 mins
MERRYLANDS WEST,34 mins,1 hour 3 mins
MIDDLE COVE,16 mins,47 mins
MIDDLE DURAL,39 mins,1 hour 15 mins
MIDDLETON GRANGE,42 mins,1 hour 35 mins
MILLER,42 mins,1 hour 49 mins
MILLERS POINT,6 mins,8 mins
MILPERRA,32 mins,1 hour 26 mins
MILSONS PASSAGE,58 mins,1 hour 53 mins
MILSONS POINT,9 mins,11 mins
MINCHINBURY,44 mins,1 hour 58 mins
MINTO,46 mins,1 hour 22 mins
MINTO HEIGHTS,47 mins,1 hour 39 mins
MIRANDA,38 mins,1 hour 2 mins
MONA VALE,43 mins,52 mins
MONTEREY,22 mins,1 hour 26 mins
MOORE PARK,10 mins,26 mins
MOOREBANK,34 mins,1 hour 2 mins
MORTDALE,34 mins,1 hour 5 mins
MORTLAKE,26 mins,1 hour 30 mins
MOSMAN,14 mins,22 mins
MOUNT ANNAN,49 mins,1 hour 41 mins
MOUNT COLAH,40 mins,1 hour 2 mins
MOUNT DRUITT,43 mins,1 hour 24 mins
MOUNT KURING-GAI,39 mins,1 hour 9 mins
MOUNT LEWIS,31 mins,1 hour 7 mins
MOUNT PRITCHARD,42 mins,2 hours 9 mins
MOUNT VERNON,48 mins,2 hours 7 mins
MULGOA,57 mins,1 hour 45 mins
NARELLAN,53 mins,1 hour 43 mins
NARELLAN VALE,52 mins,1 hour 54 mins
NAREMBURN,9 mins,19 mins
NARRABEEN,36 mins,52 mins
NARRAWEENA,31 mins,46 mins
NARWEE,27 mins,45 mins
NELSON,45 mins,2 hours 3 mins
NEUTRAL BAY,10 mins,14 mins
NEWINGTON,31 mins,1 hour 41 mins
NEWPORT,46 mins,1 hour 0 mins
NEWTOWN,13 mins,21 mins
NORMANHURST,32 mins,54 mins
NORTH BALGOWLAH,24 mins,44 mins
NORTH BONDI,20 mins,41 mins
NORTH CURL CURL,32 mins,59 mins
NORTH EPPING,26 mins,1 hour 11 mins
NORTH MANLY,27 mins,39 mins
NORTH NARRABEEN,36 mins,54 mins
NORTH PARRAMATTA,31 mins,1 hour 22 mins
NORTH ROCKS,30 mins,59 mins
NORTH RYDE,19 mins,25 mins
NORTH ST MARYS,46 mins,1 hour 35 mins
NORTH STRATHFIELD,23 mins,43 mins
NORTH SYDNEY,9 mins,11 mins
NORTH TURRAMURRA,28 mins,57 mins
NORTH WAHROONGA,32 mins,1 hour 4 mins
NORTH WILLOUGHBY,14 mins,44 mins
NORTHBRIDGE,11 mins,22 mins
NORTHMEAD,29 mins,1 hour 35 mins
NORTHWOOD,16 mins,38 mins
OAKHURST,37 mins,1 hour 34 mins
OAKVILLE,46 mins,1 hour 42 mins
OATLANDS,32 mins,1 hour 17 mins
OATLEY,35 mins,1 hour 11 mins
OLD GUILDFORD,41 mins,1 hour 13 mins
OLD TOONGABBIE,33 mins,1 hour 25 mins
ORAN PARK,54 mins,1 hour 52 mins
ORCHARD HILLS,48 mins,1 hour 41 mins
OTFORD,1 hour 5 mins,2 hours 2 mins
OXFORD FALLS,28 mins,1 hour 49 mins
OXLEY PARK,48 mins,1 hour 42 mins
OYSTER BAY,39 mins,1 hour 26 mins
PADDINGTON,12 mins,15 mins
PADSTOW,30 mins,50 mins
PADSTOW HEIGHTS,33 mins,1 hour 28 mins
PAGEWOOD,14 mins,47 mins
PALM BEACH,1 hour 0 mins,1 hour 28 mins
PANANIA,33 mins,50 mins
PARKLEA,34 mins,1 hour 49 mins
PARRAMATTA,36 mins,1 hour 5 mins
PEAKHURST,31 mins,1 hour 0 mins
PEAKHURST HEIGHTS,35 mins,49 mins
PEMULWUY,39 mins,1 hour 45 mins
PENDLE HILL,38 mins,54 mins
PENNANT HILLS,26 mins,49 mins
PENRITH,55 mins,1 hour 39 mins
PENSHURST,31 mins,1 hour 3 mins
PETERSHAM,16 mins,27 mins
PHILLIP BAY,23 mins,50 mins
PICNIC POINT,37 mins,1 hour 29 mins
PITT TOWN,54 mins,1 hour 55 mins
PLEASURE POINT,40 mins,1 hour 41 mins
PLUMPTON,39 mins,1 hour 35 mins
POINT PIPER,16 mins,28 mins
PORT BOTANY,21 mins,46 mins
PORT HACKING,41 mins,1 hour 17 mins
POTTS HILL,34 mins,1 hour 26 mins
POTTS POINT,10 mins,11 mins
PRAIRIEWOOD,49 mins,1 hour 25 mins
PRESTONS,40 mins,2 hours 5 mins
PROSPECT,38 mins,1 hour 33 mins
PUNCHBOWL,31 mins,49 mins
PUTNEY,20 mins,49 mins
PYMBLE,23 mins,37 mins
PYRMONT,6 mins,11 mins
QUAKERS HILL,35 mins,1 hour 30 mins
QUEENS PARK,16 mins,28 mins
QUEENSCLIFF,28 mins,53 mins
RABY,43 mins,1 hour 31 mins
RAMSGATE,26 mins,1 hour 4 mins
RAMSGATE BEACH,23 mins,1 hour 16 mins
RANDWICK,15 mins,26 mins
REDFERN,12 mins,14 mins
REGENTS PARK,35 mins,54 mins
REGENTVILLE,51 mins,1 hour 35 mins
REVESBY,31 mins,54 mins
REVESBY HEIGHTS,33 mins,1 hour 8 mins
RHODES,26 mins,42 mins
RICHMOND,54 mins,2 hours 10 mins
RIVERSTONE,45 mins,1 hour 33 mins
RIVERVIEW,18 mins,43 mins
RIVERWOOD,32 mins,42 mins
ROCKDALE,22 mins,47 mins
RODD POINT,13 mins,44 mins
ROOKWOOD,30 mins,57 mins
ROOTY HILL,41 mins,1 hour 11 mins
ROPES CROSSING,46 mins,1 hour 47 mins
ROSE BAY,16 mins,24 mins
ROSEBERY,14 mins,35 mins
ROSEHILL,30 mins,56 mins
ROSELANDS,26 mins,1 hour 12 mins
ROSEMEADOW,55 mins,1 hour 53 mins
ROSEVILLE,19 mins,27 mins
ROSEVILLE CHASE,18 mins,40 mins
ROSSMORE,48 mins,1 hour 50 mins
ROUSE HILL,39 mins,2 hours 15 mins
ROYAL NATIONAL PARK,44 mins,1 hour 21 mins
ROZELLE,9 mins,15 mins
RUSE,50 mins,2 hours 6 mins
RUSHCUTTERS BAY,8 mins,14 mins
RUSSELL LEA,15 mins,36 mins
RYDALMERE,32 mins,51 mins
RYDE,21 mins,32 mins
SACKVILLE NORTH,1 hour 12 mins,4 hours 8 mins
SADLEIR,41 mins,1 hour 48 mins
SANDRINGHAM,26 mins,1 hour 8 mins
SANDY POINT,41 mins,1 hour 10 mins
SANS SOUCI,26 mins,1 hour 7 mins
SCARBOROUGH,1 hour 11 mins,2 hours 23 mins
SCHOFIELDS,42 mins,1 hour 41 mins
SCOTLAND ISLAND,48 mins,2 hours 12 mins
SEAFORTH,21 mins,32 mins
SEFTON,38 mins,1 hour 7 mins
SEVEN HILLS,33 mins,1 hour 7 mins
SHALVEY,41 mins,1 hour 33 mins
SHANES PARK,47 mins,1 hour 31 mins
SILVERWATER,29 mins,1 hour 4 mins
SMEATON GRANGE,51 mins,1 hour 50 mins
SMITHFIELD,40 mins,1 hour 31 mins
SOUTH COOGEE,21 mins,42 mins
SOUTH GRANVILLE,37 mins,58 mins
SOUTH HURSTVILLE,30 mins,1 hour 14 mins
SOUTH MAROOTA,1 hour 5 mins,2 hours 26 mins
SOUTH PENRITH,51 mins,1 hour 34 mins
SOUTH TURRAMURRA,25 mins,1 hour 12 mins
SOUTH WENTWORTHVILLE,34 mins,1 hour 9 mins
SOUTH WINDSOR,52 mins,2 hours 3 mins
SPRING FARM,54 mins,2 hours 0 mins
ST ANDREWS,44 mins,1 hour 34 mins
ST CLAIR,46 mins,1 hour 29 mins
ST HELENS PARK,54 mins,2 hours 10 mins
ST IVES,24 mins,40 mins
ST IVES CHASE,28 mins,40 mins
ST JOHNS PARK,48 mins,1 hour 30 mins
ST LEONARDS,12 mins,20 mins
ST MARYS,48 mins,1 hour 27 mins
ST PETERS,19 mins,41 mins
STANHOPE GARDENS,35 mins,2 hours 0 mins
STANMORE,14 mins,22 mins
STANWELL PARK,1 hour 4 mins,2 hours 28 mins
STANWELL TOPS,1 hour 0 mins,2 hours 30 mins
STRATHFIELD,23 mins,33 mins
STRATHFIELD SOUTH,27 mins,56 mins
SUMMER HILL,17 mins,28 mins
SURRY HILLS,10 mins,15 mins
SUTHERLAND,42 mins,1 hour 7 mins
SYDENHAM,22 mins,29 mins
SYDNEY,1 min,1 min
SYDNEY OLYMPIC PARK,27 mins,58 mins
SYLVANIA,34 mins,1 hour 22 mins
SYLVANIA WATERS,34 mins,1 hour 14 mins
TAMARAMA,20 mins,40 mins
TAREN POINT,30 mins,1 hour 49 mins
TELOPEA,30 mins,59 mins
TEMPE,23 mins,46 mins
TENNYSON POINT,18 mins,47 mins
TERREY HILLS,34 mins,1 hour 0 mins
THE PONDS,39 mins,2 hours 2 mins
THE ROCKS,4 mins,8 mins
THIRROUL,1 hour 10 mins,2 hours 2 mins
THORNLEIGH,29 mins,55 mins
TOONGABBIE,36 mins,57 mins
TREGEAR,44 mins,n/a
TURRAMURRA,28 mins,41 mins
TURRELLA,24 mins,34 mins
ULTIMO,8 mins,12 mins
VARROVILLE,45 mins,1 hour 37 mins
VAUCLUSE,20 mins,40 mins
VILLAWOOD,42 mins,1 hour 18 mins
VINEYARD,48 mins,2 hours 18 mins
VOYAGER POINT,39 mins,1 hour 5 mins
WAHROONGA,29 mins,44 mins
WAITARA,34 mins,46 mins
WAKELEY,47 mins,1 hour 38 mins
WALLACIA,1 hour 0 mins,1 hour 46 mins
WAREEMBA,17 mins,35 mins
WARRAWEE,26 mins,48 mins
WARRIEWOOD,39 mins,54 mins
WARWICK FARM,40 mins,1 hour 26 mins
WATERFALL,52 mins,1 hour 30 mins
WATERLOO,13 mins,19 mins
WATSONS BAY,23 mins,37 mins
WATTLE GROVE,36 mins,1 hour 18 mins
WAVERLEY,16 mins,29 mins
WAVERTON,11 mins,15 mins
WEDDERBURN,58 mins,2 hours 6 mins
WENTWORTH POINT,30 mins,55 mins
WENTWORTHVILLE,35 mins,52 mins
WERRINGTON,50 mins,1 hour 28 mins
WERRINGTON COUNTY,53 mins,1 hour 25 mins
WERRINGTON DOWNS,51 mins,1 hour 26 mins
WEST HOXTON,42 mins,1 hour 42 mins
WEST PENNANT HILLS,23 mins,1 hour 14 mins
WEST PYMBLE,20 mins,55 mins
WEST RYDE,24 mins,39 mins
WESTLEIGH,32 mins,1 hour 18 mins
WESTMEAD,35 mins,49 mins
WETHERILL PARK,45 mins,1 hour 29 mins
WHALAN,42 mins,1 hour 40 mins
WILEY PARK,28 mins,50 mins
WILLMOT,45 mins,1 hour 51 mins
WILLOUGHBY,11 mins,44 mins
WILLOUGHBY EAST,13 mins,38 mins
WINDSOR,53 mins,2 hours 9 mins
WINDSOR DOWNS,45 mins,1 hour 49 mins
WINSTON HILLS,32 mins,1 hour 33 mins
WISEMANS FERRY,1 hour 11 mins,2 hours 40 mins
WOLLI CREEK,22 mins,32 mins
WOLLSTONECRAFT,13 mins,18 mins
WOMBARRA,1 hour 13 mins,2 hours 17 mins
WOODBINE,45 mins,1 hour 29 mins
WOODCROFT,37 mins,1 hour 23 mins
WOODPARK,37 mins,1 hour 14 mins
WOOLLAHRA,12 mins,17 mins
WOOLLOOMOOLOO,7 mins,17 mins
WOOLOOWARE,37 mins,1 hour 7 mins
WOOLWICH,18 mins,1 hour 16 mins
WORONORA,42 mins,1 hour 30 mins
WORONORA HEIGHTS,51 mins,1 hour 20 mins
YAGOONA,35 mins,1 hour 2 mins
YARRAWARRAH,46 mins,1 hour 38 mins
YENNORA,42 mins,58 mins
YOWIE BAY,39 mins,1 hour 22 mins
ZETLAND,12 mins,19 mins
